cityid,cityname,lattitude,longitude
51285,"Elephanta Caves Po,Raigarh(MH),400001,MAHARASHTRA",18.91087532,72.81947327
51286,"M.P.T.,Mumbai,400001,MAHARASHTRA",18.91087532,72.81947327
51287,"Stock Exchange,Mumbai,400001,MAHARASHTRA",18.91087532,72.81947327
51288,"Tajmahal,Mumbai,400001,MAHARASHTRA",18.91087532,72.81947327
51289,"Town Hall (Mumbai),Mumbai,400001,MAHARASHTRA",18.91087532,72.81947327
51290,"Mumbai,Mumbai,400001,MAHARASHTRA",18.91087532,72.81947327
51291,"Kalbadevi,Mumbai,400002,MAHARASHTRA",18.95601463,72.8351593
51292,"Ramwadi,Mumbai,400002,MAHARASHTRA",18.95601463,72.8351593
51293,"S. C. Court,Mumbai,400002,MAHARASHTRA",18.95601463,72.8351593
51294,"Thakurdwar,Mumbai,400002,MAHARASHTRA",18.95601463,72.8351593
51295,"B.P.Lane,Mumbai,400003,MAHARASHTRA",18.95606422,72.83252716
51296,"Mandvi (Mumbai),Mumbai,400003,MAHARASHTRA",18.95606422,72.83252716
51297,"Masjid,Mumbai,400003,MAHARASHTRA",18.95606422,72.83252716
51298,"Null Bazar,Mumbai,400003,MAHARASHTRA",18.95606422,72.83252716
51299,"Ambewadi (Mumbai),Mumbai,400004,MAHARASHTRA",18.96246529,72.82714081
51300,"Charni Road,Mumbai,400004,MAHARASHTRA",18.96246529,72.82714081
51301,"Chaupati,Mumbai,400004,MAHARASHTRA",18.96246529,72.82714081
51302,"Girgaon,Mumbai,400004,MAHARASHTRA",18.96246529,72.82714081
51303,"Madhavbaug,Mumbai,400004,MAHARASHTRA",18.96246529,72.82714081
51304,"Opera House,Mumbai,400004,MAHARASHTRA",18.96246529,72.82714081
51305,"Asvini,Mumbai,400005,MAHARASHTRA",18.91686249,72.82431793
51306,"Colaba Bazar,Mumbai,400005,MAHARASHTRA",18.91686249,72.82431793
51307,"Colaba,Mumbai,400005,MAHARASHTRA",18.91686249,72.82431793
51308,"Holiday Camp,Mumbai,400005,MAHARASHTRA",18.91686249,72.82431793
51309,"V.W.T.C.,Mumbai,400005,MAHARASHTRA",18.91686249,72.82431793
51310,"Malabar Hill,Mumbai,400006,MAHARASHTRA",18.94987297,72.79840088
51311,"Bharat Nagar (Mumbai),Mumbai,400007,MAHARASHTRA",18.96634674,72.81491089
51312,"Grant Road,Mumbai,400007,MAHARASHTRA",18.96634674,72.81491089
51313,"N.S.Patkar Marg,Mumbai,400007,MAHARASHTRA",18.96634674,72.81491089
51314,"S V Marg,Mumbai,400007,MAHARASHTRA",18.96634674,72.81491089
51315,"Tardeo,Mumbai,400007,MAHARASHTRA",18.96634674,72.81491089
51316,"Falkland Road,Mumbai,400008,MAHARASHTRA",18.96166611,72.83226013
51317,"J.J.Hospital,Mumbai,400008,MAHARASHTRA",18.96166611,72.83226013
51318,"Kamathipura,Mumbai,400008,MAHARASHTRA",18.96166611,72.83226013
51319,"M A Marg,Mumbai,400008,MAHARASHTRA",18.96166611,72.83226013
51320,"Mumbai Central,Mumbai,400008,MAHARASHTRA",18.96166611,72.83226013
51321,"Chinchbunder,Mumbai,400009,MAHARASHTRA",18.95785332,72.83580017
51322,"Noor Baug,Mumbai,400009,MAHARASHTRA",18.95785332,72.83580017
51323,"Princess Dock,Mumbai,400009,MAHARASHTRA",18.95785332,72.83580017
51324,"Dockyard Road,Mumbai,400010,MAHARASHTRA",18.9650116,72.83919525
51325,"Mazgaon Dock,Mumbai,400010,MAHARASHTRA",18.9650116,72.83919525
51326,"Mazgaon Road,Mumbai,400010,MAHARASHTRA",18.9650116,72.83919525
51327,"Mazgaon,Mumbai,400010,MAHARASHTRA",18.9650116,72.83919525
51328,"V K Bhavan,Mumbai,400010,MAHARASHTRA",18.9650116,72.83919525
51329,"Agripada,Mumbai,400011,MAHARASHTRA",19.00865555,72.86026001
51330,"BPC Jacob Circle,Mumbai,400011,MAHARASHTRA",19.00865555,72.86026001
51331,"Chinchpokli,Mumbai,400011,MAHARASHTRA",19.00865555,72.86026001
51332,"Haines Road,Mumbai,400011,MAHARASHTRA",19.00865555,72.86026001
51333,"Jacob Circle,Mumbai,400011,MAHARASHTRA",19.00865555,72.86026001
51334,"BEST STaff Quarters,Mumbai,400012,MAHARASHTRA",19.00027466,72.84004211
51335,"Chamarbaug,Mumbai,400012,MAHARASHTRA",19.00027466,72.84004211
51336,"Haffkin Institute,Mumbai,400012,MAHARASHTRA",19.00027466,72.84004211
51337,"Lal Baug,Mumbai,400012,MAHARASHTRA",19.00027466,72.84004211
51338,"Parel Naka,Mumbai,400012,MAHARASHTRA",19.00027466,72.84004211
51339,"Parel Rly Work Shop,Mumbai,400012,MAHARASHTRA",19.00027466,72.84004211
51340,"Parel,Mumbai,400012,MAHARASHTRA",19.00027466,72.84004211
51341,"Delisle Road,Mumbai,400013,MAHARASHTRA",19.00498009,72.82817841
51342,"Dadar Colony,Mumbai,400014,MAHARASHTRA",19.02124023,72.84711456
51343,"Dadar,Mumbai,400014,MAHARASHTRA",19.02124023,72.84711456
51344,"Naigaon (Mumbai),Mumbai,400014,MAHARASHTRA",19.02124023,72.84711456
51345,"Sewri,Mumbai,400015,MAHARASHTRA",18.99974632,72.85149384
51346,"Kapad Bazar,Mumbai,400016,MAHARASHTRA",19.03606796,72.84166718
51347,"Mahim Bazar,Mumbai,400016,MAHARASHTRA",19.03606796,72.84166718
51348,"Mahim East,Mumbai,400016,MAHARASHTRA",19.03606796,72.84166718
51349,"Mahim,Mumbai,400016,MAHARASHTRA",19.03606796,72.84166718
51350,"Mori Road,Mumbai,400016,MAHARASHTRA",19.03606796,72.84166718
51351,"Dharavi Road,Mumbai,400017,MAHARASHTRA",19.04419518,72.85713196
51352,"Dharavi,Mumbai,400017,MAHARASHTRA",19.04419518,72.85713196
51353,"Worli Naka,Mumbai,400018,MAHARASHTRA",19.00136185,72.820755
51354,"Worli,Mumbai,400018,MAHARASHTRA",19.00136185,72.820755
51355,"Matunga,Mumbai,400019,MAHARASHTRA",19.02659798,72.85696411
51356,"Central Building,Mumbai,400020,MAHARASHTRA",18.94812965,72.82733154
51357,"Churchgate,Mumbai,400020,MAHARASHTRA",18.94812965,72.82733154
51358,"Marine Lines,Mumbai,400020,MAHARASHTRA",18.94812965,72.82733154
51359,"Nariman Point,Mumbai,400021,MAHARASHTRA",18.92690277,72.82273102
51360,"New Yogakshema,Mumbai,400021,MAHARASHTRA",18.92690277,72.82273102
51361,"Chunabhatti,Mumbai,400022,MAHARASHTRA",19.0412159,72.86909485
51362,"Raoli Camp,Mumbai,400022,MAHARASHTRA",19.0412159,72.86909485
51363,"Sion,Mumbai,400022,MAHARASHTRA",19.0412159,72.86909485
51364,"Transit Camp,Mumbai,400022,MAHARASHTRA",19.0412159,72.86909485
51365,"Nehru Nagar (Mumbai),Mumbai,400024,MAHARASHTRA",19.06185722,72.8817749
51366,"New Prabhadevi Road,Mumbai,400025,MAHARASHTRA",19.01662827,72.8299408
51367,"Prabhadevi,Mumbai,400025,MAHARASHTRA",19.01662827,72.8299408
51368,"Cumballa Hill,Mumbai,400026,MAHARASHTRA",18.9705658,72.80819702
51369,"Cumballa Sea Face,Mumbai,400026,MAHARASHTRA",18.9705658,72.80819702
51370,"Dr Deshmukh Marg,Mumbai,400026,MAHARASHTRA",18.9705658,72.80819702
51371,"Gowalia Tank,Mumbai,400026,MAHARASHTRA",18.9705658,72.80819702
51372,"V J B Udyan,Mumbai,400027,MAHARASHTRA",18.97694588,72.8356781
51373,"Bhawani Shankar Rd,Mumbai,400028,MAHARASHTRA",19.01781845,72.83592987
51374,"Bhawani Shankar,Mumbai,400028,MAHARASHTRA",19.01781845,72.83592987
51375,"Gokhale Road (Mumbai),Mumbai,400028,MAHARASHTRA",19.01781845,72.83592987
51376,"Ranade Road,Mumbai,400028,MAHARASHTRA",19.01781845,72.83592987
51377,"S V S Marg,Mumbai,400028,MAHARASHTRA",19.01781845,72.83592987
51378,"Shivaji Park (Mumbai),Mumbai,400028,MAHARASHTRA",19.01781845,72.83592987
51379,"A I Staff Colony,Mumbai,400029,MAHARASHTRA",19.15162277,72.85498047
51380,"Santacruz P&t Colony,Mumbai,400029,MAHARASHTRA",19.15162277,72.85498047
51381,"Century Mill,Mumbai,400030,MAHARASHTRA",19.00774956,72.8181839
51382,"Worli Colony,Mumbai,400030,MAHARASHTRA",19.00774956,72.8181839
51383,"Worli Police Camp,Mumbai,400030,MAHARASHTRA",19.00774956,72.8181839
51384,"Worli Sea Face,Mumbai,400030,MAHARASHTRA",19.00774956,72.8181839
51385,"Kidwai Nagar (Mumbai),Mumbai,400031,MAHARASHTRA",19.01083946,72.84972382
51386,"Wadala Rs,Mumbai,400031,MAHARASHTRA",19.01083946,72.84972382
51387,"Wadala,Mumbai,400031,MAHARASHTRA",19.01083946,72.84972382
51388,"High Court Building (Mumbai),Mumbai,400032,MAHARASHTRA",18.92750359,72.82907867
51389,"Mantralaya (Mumbai),Mumbai,400032,MAHARASHTRA",18.92750359,72.82907867
51390,"Secretariate,Mumbai,400032,MAHARASHTRA",18.92750359,72.82907867
51391,"Cotton Exchange,Mumbai,400033,MAHARASHTRA",18.98185158,72.84057617
51392,"Kalachowki,Mumbai,400033,MAHARASHTRA",18.98185158,72.84057617
51393,"L B S N E collage,Mumbai,400033,MAHARASHTRA",18.98185158,72.84057617
51394,"Reay Road,Mumbai,400033,MAHARASHTRA",18.98185158,72.84057617
51395,"Tank Road,Mumbai,400033,MAHARASHTRA",18.98185158,72.84057617
51396,"Haji Ali,Mumbai,400034,MAHARASHTRA",18.97668648,72.8123703
51397,"Tulsiwadi,Mumbai,400034,MAHARASHTRA",18.97668648,72.8123703
51398,"Rajbhavan (Mumbai),Mumbai,400035,MAHARASHTRA",19.03984451,72.80966187
51399,"Antop Hill,Mumbai,400037,MAHARASHTRA",19.0230732,72.86762238
51400,"B P T Colony,Mumbai,400037,MAHARASHTRA",19.0230732,72.86762238
51401,"C G S Colony,Mumbai,400037,MAHARASHTRA",19.0230732,72.86762238
51402,"Wadala Truck Terminal,Mumbai,400037,MAHARASHTRA",19.0230732,72.86762238
51403,"Bhandup East,Mumbai,400042,MAHARASHTRA",19.13589668,72.93862152
51404,"D.M. Colony,Mumbai,400043,MAHARASHTRA",19.06372261,72.92176056
51405,"Shivaji Nagar (Mumbai),Mumbai,400043,MAHARASHTRA",19.06372261,72.92176056
51406,"Juhu,Mumbai,400049,MAHARASHTRA",19.25016975,72.80255127
51407,"Bandra West,Mumbai,400050,MAHARASHTRA",19.05906868,72.82568359
51408,"Audit Bhavan,Mumbai,400051,MAHARASHTRA",19.05821228,72.85176849
51409,"B.N. Bhavan,Mumbai,400051,MAHARASHTRA",19.05821228,72.85176849
51410,"Bandra(East),Mumbai,400051,MAHARASHTRA",19.05821228,72.85176849
51411,"Government Colony,Mumbai,400051,MAHARASHTRA",19.05821228,72.85176849
51412,"Kherwadi,Mumbai,400051,MAHARASHTRA",19.05821228,72.85176849
51413,"Danda,Mumbai,400052,MAHARASHTRA",19.0766468,72.83315277
51414,"Khar Colony,Mumbai,400052,MAHARASHTRA",19.0766468,72.83315277
51415,"Khar Delivery,Mumbai,400052,MAHARASHTRA",19.0766468,72.83315277
51416,"V.P. Road,Mumbai,400052,MAHARASHTRA",19.0766468,72.83315277
51417,"Andheri,Mumbai,400053,MAHARASHTRA",19.12801552,72.8325119
51418,"Azad Nagar (Mumbai),Mumbai,400053,MAHARASHTRA",19.12801552,72.8325119
51419,"Santacruz Central,Mumbai,400054,MAHARASHTRA",19.08001518,72.83325195
51420,"Santacruz(West),Mumbai,400054,MAHARASHTRA",19.08001518,72.83325195
51421,"Santacruz(East),Mumbai,400055,MAHARASHTRA",19.08076477,72.84680939
51422,"Vakola,Mumbai,400055,MAHARASHTRA",19.08076477,72.84680939
51423,"IRLA,Mumbai,400056,MAHARASHTRA",19.02143669,73.11225891
51424,"Vileparle(West),Mumbai,400056,MAHARASHTRA",19.02143669,73.11225891
51425,"Hanuman Road,Mumbai,400057,MAHARASHTRA",19.1031723,72.84957123
51426,"Vileeparle (East),Mumbai,400057,MAHARASHTRA",19.1031723,72.84957123
51427,"Vileparle Railway Station,Mumbai,400057,MAHARASHTRA",19.1031723,72.84957123
51428,"Andheri Railway Station,Mumbai,400058,MAHARASHTRA",19.12573242,72.84267426
51429,"H.M.P. School,Mumbai,400058,MAHARASHTRA",19.12573242,72.84267426
51430,"J.B. Nagar,Mumbai,400059,MAHARASHTRA",19.11379242,72.86969757
51431,"Marol Bazar,Mumbai,400059,MAHARASHTRA",19.11379242,72.86969757
51432,"Marol Naka,Mumbai,400059,MAHARASHTRA",19.11379242,72.86969757
51433,"Jogeshwari East,Mumbai,400060,MAHARASHTRA",19.13558578,72.85839081
51434,"Madh,Mumbai,400061,MAHARASHTRA",19.13373566,72.81488037
51435,"Vesava,Mumbai,400061,MAHARASHTRA",19.13373566,72.81488037
51436,"Goregaon East,Mumbai,400063,MAHARASHTRA",19.16905785,72.85942078
51437,"Sharma Estate,Mumbai,400063,MAHARASHTRA",19.16905785,72.85942078
51438,"Liberty Garden,Mumbai,400064,MAHARASHTRA",19.19594193,72.8396759
51439,"Malad,Mumbai,400064,MAHARASHTRA",19.19594193,72.8396759
51440,"Malad West Dely,Mumbai,400064,MAHARASHTRA",19.19594193,72.8396759
51441,"Orlem,Mumbai,400064,MAHARASHTRA",19.19594193,72.8396759
51442,"Aareymilk Colony,Mumbai,400065,MAHARASHTRA",19.17125893,72.89321136
51443,"Nagari Niwara,Mumbai,400065,MAHARASHTRA",19.17125893,72.89321136
51444,"S R P F Camp,Mumbai,400065,MAHARASHTRA",19.17125893,72.89321136
51445,"Borivali East,Mumbai,400066,MAHARASHTRA",19.22900009,72.86196899
51446,"Daulat Nagar (Mumbai),Mumbai,400066,MAHARASHTRA",19.22900009,72.86196899
51447,"Magthane,Mumbai,400066,MAHARASHTRA",19.22900009,72.86196899
51448,"Rajendra Nagar (Mumbai),Mumbai,400066,MAHARASHTRA",19.22900009,72.86196899
51449,"S. K.Nagar,Mumbai,400066,MAHARASHTRA",19.22900009,72.86196899
51450,"Charkop,Mumbai,400067,MAHARASHTRA",19.20772171,72.83738708
51451,"Kandivali RS,Mumbai,400067,MAHARASHTRA",19.20772171,72.83738708
51452,"Kandivali West,Mumbai,400067,MAHARASHTRA",19.20772171,72.83738708
51453,"Dahisar RS,Mumbai,400068,MAHARASHTRA",19.24847794,72.86014557
51454,"Dahisar,Mumbai,400068,MAHARASHTRA",19.24847794,72.86014557
51455,"Ketkipada,Mumbai,400068,MAHARASHTRA",19.24847794,72.86014557
51456,"Andheri East,Mumbai,400069,MAHARASHTRA",19.12954521,72.85294342
51457,"Nagardas Road,Mumbai,400069,MAHARASHTRA",19.12954521,72.85294342
51458,"Kurla North,Mumbai,400070,MAHARASHTRA",19.08022308,72.88327789
51459,"Kurla,Mumbai,400070,MAHARASHTRA",19.08022308,72.88327789
51460,"Netajinagar,Mumbai,400070,MAHARASHTRA",19.08022308,72.88327789
51461,"Chembur,Mumbai,400071,MAHARASHTRA",19.12315941,72.90939331
51462,"Sindhi Society,Mumbai,400071,MAHARASHTRA",19.12315941,72.90939331
51463,"Sakinaka,Mumbai,400072,MAHARASHTRA",19.01670074,72.84999847
51464,"Vihar Road,Mumbai,400072,MAHARASHTRA",19.01670074,72.84999847
51465,"Chembur Extension,Mumbai,400074,MAHARASHTRA",19.0354023,72.89437866
51466,"FCI,Mumbai,400074,MAHARASHTRA",19.0354023,72.89437866
51467,"Mahul Road,Mumbai,400074,MAHARASHTRA",19.0354023,72.89437866
51468,"Best Staff Colony,Mumbai,400075,MAHARASHTRA",19.0919857,72.91677094
51469,"Pant Nagar,Mumbai,400075,MAHARASHTRA",19.0919857,72.91677094
51470,"R.A.Nagar,Mumbai,400075,MAHARASHTRA",19.0919857,72.91677094
51471,"Powai Iit,Mumbai,400076,MAHARASHTRA",19.1258812,72.9187088
51472,"Rajawadi,Mumbai,400077,MAHARASHTRA",19.07221222,72.90841675
51473,"Bhandup Ind. Estate,Mumbai,400078,MAHARASHTRA",19.15387344,72.94193268
51474,"Bhandup West,Mumbai,400078,MAHARASHTRA",19.15387344,72.94193268
51475,"J.M. Road,Mumbai,400078,MAHARASHTRA",19.15387344,72.94193268
51476,"P.H. Colony,Mumbai,400078,MAHARASHTRA",19.15387344,72.94193268
51477,"Usha Nagar,Mumbai,400078,MAHARASHTRA",19.15387344,72.94193268
51478,"Psm Colony,Mumbai,400079,MAHARASHTRA",19.10632706,72.91364288
51479,"Vikhroli,Mumbai,400079,MAHARASHTRA",19.10632706,72.91364288
51480,"Mulund Dd Road,Mumbai,400080,MAHARASHTRA",19.17445946,72.94911194
51481,"Mulund West,Mumbai,400080,MAHARASHTRA",19.17445946,72.94911194
51482,"Nahur,Mumbai,400080,MAHARASHTRA",19.17445946,72.94911194
51483,"Nehru Road (Mumbai),Mumbai,400080,MAHARASHTRA",19.17445946,72.94911194
51484,"S.B. Road,Mumbai,400080,MAHARASHTRA",19.17445946,72.94911194
51485,"Mhada Colony,Mumbai,400081,MAHARASHTRA",19.16951752,72.96392822
51486,"Mulund East,Mumbai,400081,MAHARASHTRA",19.16951752,72.96392822
51487,"Bhandup Complex,Mumbai,400082,MAHARASHTRA",19.17289734,72.93492889
51488,"Mulund Colony,Mumbai,400082,MAHARASHTRA",19.17289734,72.93492889
51489,"Kannamwar Nagar,Mumbai,400083,MAHARASHTRA",19.11494446,72.93237305
51490,"Tagore Nagar,Mumbai,400083,MAHARASHTRA",19.11494446,72.93237305
51491,"Barve Nagar,Mumbai,400084,MAHARASHTRA",19.11264992,72.91732025
51492,"BARC,Mumbai,400085,MAHARASHTRA",19.01670074,72.84999847
51493,"Ghatkopar West,Mumbai,400086,MAHARASHTRA",19.08813858,72.90524292
51494,"Rifle Range,Mumbai,400086,MAHARASHTRA",19.08813858,72.90524292
51495,"Sahakar Bhavan,Mumbai,400086,MAHARASHTRA",19.08813858,72.90524292
51496,"NITIE,Mumbai,400087,MAHARASHTRA",19.13524246,72.90055084
51497,"Govandi,Mumbai,400088,MAHARASHTRA",19.04425812,72.92636108
51498,"T.F.Donar,Mumbai,400088,MAHARASHTRA",19.04425812,72.92636108
51499,"Trombay,Mumbai,400088,MAHARASHTRA",19.04425812,72.92636108
51500,"Chembur Rs,Mumbai,400089,MAHARASHTRA",19.05904007,72.89874268
51501,"Tilak Nagar (Mumbai),Mumbai,400089,MAHARASHTRA",19.05904007,72.89874268
51502,"Borivali,Mumbai,400091,MAHARASHTRA",19.23059845,72.84026337
51503,"Borivali West,Mumbai,400092,MAHARASHTRA",19.22551346,72.84806061
51504,"Chakala Midc,Mumbai,400093,MAHARASHTRA",19.12685013,72.86554718
51505,"Anushakti Nagar,Mumbai,400094,MAHARASHTRA",19.03752136,72.92785645
51506,"Ins Hamla,Mumbai,400095,MAHARASHTRA",19.17803955,72.81251526
51507,"Kharodi,Mumbai,400095,MAHARASHTRA",19.17803955,72.81251526
51508,"Seepz,Mumbai,400096,MAHARASHTRA",19.12332535,72.87045288
51509,"Malad East,Mumbai,400097,MAHARASHTRA",19.18338203,72.85783386
51510,"Rani Sati Marg,Mumbai,400097,MAHARASHTRA",19.18338203,72.85783386
51511,"Vidyanagari,Mumbai,400098,MAHARASHTRA",19.0701046,72.86339569
51512,"Airport (Mumbai),Mumbai,400099,MAHARASHTRA",19.11243439,72.85613251
51513,"International Airport,Mumbai,400099,MAHARASHTRA",19.11243439,72.85613251
51514,"Sahar P & T Colony,Mumbai,400099,MAHARASHTRA",19.11243439,72.85613251
51515,"Sahargaon,Mumbai,400099,MAHARASHTRA",19.11243439,72.85613251
51516,"Kandivali East,Mumbai,400101,MAHARASHTRA",19.20748711,72.8662796
51517,"Jogeshwari West,Mumbai,400102,MAHARASHTRA",19.14702797,72.83575439
51518,"Oshiwara,Mumbai,400102,MAHARASHTRA",19.14702797,72.83575439
51519,"Mandapeshwar,Mumbai,400103,MAHARASHTRA",19.23830605,72.84598541
51520,"Bangur Nagar,Mumbai,400104,MAHARASHTRA",19.15157509,72.84069061
51521,"Goregaon RS,Mumbai,400104,MAHARASHTRA",19.15157509,72.84069061
51522,"Goregaon (Mumbai),Mumbai,400104,MAHARASHTRA",19.15157509,72.84069061
51523,"Motilal Nagar,Mumbai,400104,MAHARASHTRA",19.15157509,72.84069061
51524,"Thane Bazar,Thane,400601,MAHARASHTRA",19.19768906,72.9704361
51525,"Thane,Thane,400601,MAHARASHTRA",19.19768906,72.9704361
51526,"Thane R.S.,Thane,400601,MAHARASHTRA",19.19768906,72.9704361
51527,"Gokhale Road (Thane),Thane,400602,MAHARASHTRA",19.1986866,72.96475983
51528,"Naupada (Thane),Thane,400602,MAHARASHTRA",19.1986866,72.96475983
51529,"Kopri Colony,Thane,400603,MAHARASHTRA",19.19612503,72.99481201
51530,"Thane East,Thane,400603,MAHARASHTRA",19.19612503,72.99481201
51531,"Wagle I.E.,Thane,400604,MAHARASHTRA",19.19385338,72.95346832
51532,"Kalwa,Thane,400605,MAHARASHTRA",19.19624519,72.99047089
51533,"Jekegram,Thane,400606,MAHARASHTRA",19.21842957,72.95575714
51534,"Chitalsar Manpada,Thane,400607,MAHARASHTRA",19.23658371,73.02674103
51535,"Sandozbaugh,Thane,400607,MAHARASHTRA",19.23658371,73.02674103
51536,"Balkum,Thane,400608,MAHARASHTRA",19.21999741,72.99108124
51537,"Shrirangnagar,Thane,400608,MAHARASHTRA",19.21999741,72.99108124
51538,"Tapasenagar,Thane,400608,MAHARASHTRA",19.21999741,72.99108124
51539,"Apna Bazar,Thane,400610,MAHARASHTRA",19.22250938,72.96414185
51540,"Dahisar,Thane,400612,MAHARASHTRA",19.1756134,73.03321075
51541,"Dawale,Thane,400612,MAHARASHTRA",19.1756134,73.03321075
51542,"Diwa,Thane,400612,MAHARASHTRA",19.1756134,73.03321075
51543,"Kausa,Thane,400612,MAHARASHTRA",19.1756134,73.03321075
51544,"Mumbra,Thane,400612,MAHARASHTRA",19.1756134,73.03321075
51545,"Waklan,Thane,400612,MAHARASHTRA",19.1756134,73.03321075
51546,"Belapur Node-- III,Thane,400614,MAHARASHTRA",19.02094078,73.03898621
51547,"Belapur Node- V,Thane,400614,MAHARASHTRA",19.02094078,73.03898621
51548,"Konkan Bhavan,Thane,400614,MAHARASHTRA",19.02094078,73.03898621
51549,"Kasarvadavali,Thane,400615,MAHARASHTRA",19.23070526,72.97879791
51550,"Ghansoli,Thane,400701,MAHARASHTRA",19.12649727,73.00136566
51551,"Bokadvira,Raigarh(MH),400702,MAHARASHTRA",18.88104057,72.94470978
51552,"Chanje,Raigarh(MH),400702,MAHARASHTRA",18.88104057,72.94470978
51553,"Karanja,Raigarh(MH),400702,MAHARASHTRA",18.88104057,72.94470978
51554,"Kegaon,Raigarh(MH),400702,MAHARASHTRA",18.88104057,72.94470978
51555,"ONGC-dronagiri,Raigarh(MH),400702,MAHARASHTRA",18.88104057,72.94470978
51556,"Sheva,Raigarh(MH),400702,MAHARASHTRA",18.88104057,72.94470978
51557,"Uran,Raigarh(MH),400702,MAHARASHTRA",18.88104057,72.94470978
51558,"K.U.Bazar,Thane,400703,MAHARASHTRA",19.07777214,73.00038147
51559,"Sanpada,Thane,400703,MAHARASHTRA",19.07777214,73.00038147
51560,"Turbhe Market,Thane,400703,MAHARASHTRA",19.07777214,73.00038147
51561,"Turbhe,Thane,400703,MAHARASHTRA",19.07777214,73.00038147
51562,"Vashi (Thane),Thane,400703,MAHARASHTRA",19.07777214,73.00038147
51563,"Vashi Sec-26,Thane,400703,MAHARASHTRA",19.07777214,73.00038147
51564,"Vashi-VII,Thane,400703,MAHARASHTRA",19.07777214,73.00038147
51565,"Mora,Raigarh(MH),400704,MAHARASHTRA",19.07780075,72.89440155
51566,"N.S.Karanja,Raigarh(MH),400704,MAHARASHTRA",19.07780075,72.89440155
51567,"Darave,Thane,400706,MAHARASHTRA",19.01398659,73.0163269
51568,"Nerul Node-II,Thane,400706,MAHARASHTRA",19.01398659,73.0163269
51569,"Nerul Node-III,Thane,400706,MAHARASHTRA",19.01398659,73.0163269
51570,"Nerul Sec-48,Thane,400706,MAHARASHTRA",19.01398659,73.0163269
51571,"Jaskhar,Raigarh(MH),400707,MAHARASHTRA",18.90120888,72.9753952
51572,"Jnpt,Raigarh(MH),400707,MAHARASHTRA",18.90120888,72.9753952
51573,"Navghar,Raigarh(MH),400707,MAHARASHTRA",18.90120888,72.9753952
51574,"Airoli,Thane,400708,MAHARASHTRA",19.17357445,73.00418854
51575,"Airoli,Thane,400708,MAHARASHTRA",19.17357445,73.00418854
51576,"Kopar Khairne,Thane,400709,MAHARASHTRA",19.10142708,73.00386047
51577,"Millenium Business Park,Thane,400710,MAHARASHTRA",19.1084671,73.02077484
51578,"Bhayander West,Thane,401101,MAHARASHTRA",19.296278,72.85525513
51579,"Rai,Thane,401101,MAHARASHTRA",19.296278,72.85525513
51580,"Agarwadi,Thane,401102,MAHARASHTRA",19.49948311,72.80839539
51581,"Dahisar tymanor,Thane,401102,MAHARASHTRA",19.49948311,72.80839539
51582,"Datiware,Thane,401102,MAHARASHTRA",19.49948311,72.80839539
51583,"Dhekale,Thane,401102,MAHARASHTRA",19.49948311,72.80839539
51584,"Edwan,Thane,401102,MAHARASHTRA",19.49948311,72.80839539
51585,"Navghar,Thane,401102,MAHARASHTRA",19.49948311,72.80839539
51586,"Pargaon,Thane,401102,MAHARASHTRA",19.49948311,72.80839539
51587,"Tandulwadi,Thane,401102,MAHARASHTRA",19.49948311,72.80839539
51588,"Tembhikhodave,Thane,401102,MAHARASHTRA",19.49948311,72.80839539
51589,"Umbarpada,Thane,401102,MAHARASHTRA",19.49948311,72.80839539
51590,"Usarani,Thane,401102,MAHARASHTRA",19.49948311,72.80839539
51591,"Virathan Budruk,Thane,401102,MAHARASHTRA",19.49948311,72.80839539
51592,"Asangaon,Thane,401103,MAHARASHTRA",19.87446594,72.76268768
51593,"Bavada,Thane,401103,MAHARASHTRA",19.87446594,72.76268768
51594,"Chandigaon,Thane,401103,MAHARASHTRA",19.87446594,72.76268768
51595,"Gowane,Thane,401103,MAHARASHTRA",19.87446594,72.76268768
51596,"Vangaon,Thane,401103,MAHARASHTRA",19.87446594,72.76268768
51597,"Bhayander East,Thane,401105,MAHARASHTRA",19.31204224,72.8583374
51598,"Dongri,Thane,401106,MAHARASHTRA",19.28118134,72.82314301
51599,"Uttan,Thane,401106,MAHARASHTRA",19.28118134,72.82314301
51600,"Ghodbander,Thane,401107,MAHARASHTRA",19.27978516,72.8657608
51601,"Kashi,Thane,401107,MAHARASHTRA",19.27978516,72.8657608
51602,"Mira Road,Thane,401107,MAHARASHTRA",19.27978516,72.8657608
51603,"Mira,Thane,401107,MAHARASHTRA",19.27978516,72.8657608
51604,"Bassein,Thane,401201,MAHARASHTRA",19.35834312,72.80536652
51605,"Bhuigaon,Thane,401201,MAHARASHTRA",19.35834312,72.80536652
51606,"Girij,Thane,401201,MAHARASHTRA",19.35834312,72.80536652
51607,"Holi Bazar,Thane,401201,MAHARASHTRA",19.35834312,72.80536652
51608,"Kaular Budruk,Thane,401201,MAHARASHTRA",19.35834312,72.80536652
51609,"Mulgaon,Thane,401201,MAHARASHTRA",19.35834312,72.80536652
51610,"Saloli,Thane,401201,MAHARASHTRA",19.35834312,72.80536652
51611,"Bassein Road,Thane,401202,MAHARASHTRA",19.37794304,72.8269577
51612,"Umela,Thane,401202,MAHARASHTRA",19.37794304,72.8269577
51613,"Vasai Road E,Thane,401202,MAHARASHTRA",19.37794304,72.8269577
51614,"Gass,Thane,401203,MAHARASHTRA",19.42098618,72.81266785
51615,"Nala,Thane,401203,MAHARASHTRA",19.42098618,72.81266785
51616,"Sopara,Thane,401203,MAHARASHTRA",19.42098618,72.81266785
51617,"Umrale,Thane,401203,MAHARASHTRA",19.42098618,72.81266785
51618,"Kelthan,Thane,401204,MAHARASHTRA",19.49720573,73.03108978
51619,"Khaniwali,Thane,401204,MAHARASHTRA",19.49720573,73.03108978
51620,"Vajreshwari,Thane,401204,MAHARASHTRA",19.49720573,73.03108978
51621,"Vedhe,Thane,401204,MAHARASHTRA",19.49720573,73.03108978
51622,"Ganeshpuri,Thane,401206,MAHARASHTRA",19.00494385,73.11464691
51623,"Naigaon,Thane,401207,MAHARASHTRA",19.34403801,72.83412933
51624,"Papdi,Thane,401207,MAHARASHTRA",19.34403801,72.83412933
51625,"Gokhiware,Thane,401208,MAHARASHTRA",19.3847332,72.87532806
51626,"Juchandra,Thane,401208,MAHARASHTRA",19.3847332,72.87532806
51627,"Kaman,Thane,401208,MAHARASHTRA",19.3847332,72.87532806
51628,"Pelhar,Thane,401208,MAHARASHTRA",19.3847332,72.87532806
51629,"Rajawali,Thane,401208,MAHARASHTRA",19.3847332,72.87532806
51630,"Sasun Navghar,Thane,401208,MAHARASHTRA",19.3847332,72.87532806
51631,"Satiwai,Thane,401208,MAHARASHTRA",19.3847332,72.87532806
51632,"Valiv,Thane,401208,MAHARASHTRA",19.3847332,72.87532806
51633,"Vasai East IE,Thane,401208,MAHARASHTRA",19.3847332,72.87532806
51634,"Nallosapare E,Thane,401209,MAHARASHTRA",19.41711044,72.82719421
51635,"Agashi,Thane,401301,MAHARASHTRA",19.32512093,72.88607788
51636,"Chikhal Dongre,Thane,401301,MAHARASHTRA",19.32512093,72.88607788
51637,"Kophrad,Thane,401301,MAHARASHTRA",19.32512093,72.88607788
51638,"Vatar,Thane,401301,MAHARASHTRA",19.32512093,72.88607788
51639,"Arnala,Thane,401302,MAHARASHTRA",19.22807693,72.97034454
51640,"Bhatane,Thane,401303,MAHARASHTRA",19.44871521,72.81214905
51641,"Bolinj,Thane,401303,MAHARASHTRA",19.44871521,72.81214905
51642,"Chandansar,Thane,401303,MAHARASHTRA",19.44871521,72.81214905
51643,"Dahtsar T,Thane,401303,MAHARASHTRA",19.44871521,72.81214905
51644,"Khaniwade,Thane,401303,MAHARASHTRA",19.44871521,72.81214905
51645,"Mandvi,Thane,401303,MAHARASHTRA",19.44871521,72.81214905
51646,"Parol,Thane,401303,MAHARASHTRA",19.44871521,72.81214905
51647,"Saiwan,Thane,401303,MAHARASHTRA",19.44871521,72.81214905
51648,"Tilher,Thane,401303,MAHARASHTRA",19.44871521,72.81214905
51649,"Virar,Thane,401303,MAHARASHTRA",19.44871521,72.81214905
51650,"Kalamb,Thane,401304,MAHARASHTRA",19.3981781,72.78189087
51651,"Nirmal (Thane),Thane,401304,MAHARASHTRA",19.3981781,72.78189087
51652,"Virar East,Thane,401305,MAHARASHTRA",19.45202446,72.8170166
51653,"Kelwa Road,Thane,401401,MAHARASHTRA",NA,NA
51654,"Kelwa (Thane),Thane,401401,MAHARASHTRA",NA,NA
51655,"Kelwa-mahim,Thane,401402,MAHARASHTRA",19.64459229,72.72071838
51656,"Audhani,Thane,401403,MAHARASHTRA",19.73359489,72.92679596
51657,"Bandhan,Thane,401403,MAHARASHTRA",19.73359489,72.92679596
51658,"Bhopoli,Thane,401403,MAHARASHTRA",19.73359489,72.92679596
51659,"Durves,Thane,401403,MAHARASHTRA",19.73359489,72.92679596
51660,"Govade,Thane,401403,MAHARASHTRA",19.73359489,72.92679596
51661,"Kev,Thane,401403,MAHARASHTRA",19.73359489,72.92679596
51662,"Kondhan,Thane,401403,MAHARASHTRA",19.73359489,72.92679596
51663,"Kurze,Thane,401403,MAHARASHTRA",19.73359489,72.92679596
51664,"Manor,Thane,401403,MAHARASHTRA",19.73359489,72.92679596
51665,"Maswan,Thane,401403,MAHARASHTRA",19.73359489,72.92679596
51666,"Somta,Thane,401403,MAHARASHTRA",19.73359489,72.92679596
51667,"Palghar,Thane,401404,MAHARASHTRA",19.66600609,72.79309845
51668,"Dapoli,Thane,401405,MAHARASHTRA",19.72211266,72.70131683
51669,"Katale,Thane,401405,MAHARASHTRA",19.72211266,72.70131683
51670,"Kharekuran,Thane,401405,MAHARASHTRA",19.72211266,72.70131683
51671,"Nadore,Thane,401405,MAHARASHTRA",19.72211266,72.70131683
51672,"Nihe,Thane,401405,MAHARASHTRA",19.72211266,72.70131683
51673,"Satpati,Thane,401405,MAHARASHTRA",19.72211266,72.70131683
51674,"Shirgaon,Thane,401405,MAHARASHTRA",19.72211266,72.70131683
51675,"Tembhode,Thane,401405,MAHARASHTRA",19.72211266,72.70131683
51676,"Veur,Thane,401405,MAHARASHTRA",19.72211266,72.70131683
51677,"Akkarpatti,Thane,401501,MAHARASHTRA",19.77391243,72.87766266
51678,"Bategaon,Thane,401501,MAHARASHTRA",19.77391243,72.87766266
51679,"Boisar,Thane,401501,MAHARASHTRA",19.77391243,72.87766266
51680,"Dandi,Thane,401501,MAHARASHTRA",19.77391243,72.87766266
51681,"Kumbhawali,Thane,401501,MAHARASHTRA",19.77391243,72.87766266
51682,"Mahagaon,Thane,401501,MAHARASHTRA",19.77391243,72.87766266
51683,"Murbe,Thane,401501,MAHARASHTRA",19.77391243,72.87766266
51684,"Nanapur,Thane,401501,MAHARASHTRA",19.77391243,72.87766266
51685,"Nandgaon Tarapur,Thane,401501,MAHARASHTRA",19.77391243,72.87766266
51686,"Sarawali,Thane,401501,MAHARASHTRA",19.77391243,72.87766266
51687,"Shigaon,Thane,401501,MAHARASHTRA",19.77391243,72.87766266
51688,"Umroli,Thane,401501,MAHARASHTRA",19.77391243,72.87766266
51689,"Dahisar Tarapur,Thane,401502,MAHARASHTRA",19.84708214,72.70642853
51690,"Ghiwali,Thane,401502,MAHARASHTRA",19.84708214,72.70642853
51691,"Kudan,Thane,401502,MAHARASHTRA",19.84708214,72.70642853
51692,"Tarapur (Thane),Thane,401502,MAHARASHTRA",19.84708214,72.70642853
51693,"Vengani,Thane,401502,MAHARASHTRA",19.84708214,72.70642853
51694,"Chinchani,Thane,401503,MAHARASHTRA",19.87598801,72.68268585
51695,"Tanashi,Thane,401503,MAHARASHTRA",19.87598801,72.68268585
51696,"Vadhavan,Thane,401503,MAHARASHTRA",19.87598801,72.68268585
51697,"Varor,Thane,401503,MAHARASHTRA",19.87598801,72.68268585
51698,"Parnali,Thane,401504,MAHARASHTRA",19.80467796,72.73339844
51699,"Salwad,Thane,401504,MAHARASHTRA",19.80467796,72.73339844
51700,"Tarapur App,Thane,401504,MAHARASHTRA",19.80467796,72.73339844
51701,"Tarapur Ti,Thane,401506,MAHARASHTRA",19.78160667,72.78890228
51702,"Badapokharan,Thane,401601,MAHARASHTRA",19.9773941,72.74823761
51703,"Dahanu,Thane,401601,MAHARASHTRA",19.9773941,72.74823761
51704,"Narpad,Thane,401601,MAHARASHTRA",19.9773941,72.74823761
51705,"Agawan,Thane,401602,MAHARASHTRA",19.97995567,72.8021698
51706,"Ashagad,Thane,401602,MAHARASHTRA",19.97995567,72.8021698
51707,"Bapugaon,Thane,401602,MAHARASHTRA",19.97995567,72.8021698
51708,"Charoti,Thane,401602,MAHARASHTRA",19.97995567,72.8021698
51709,"Chikhale,Thane,401602,MAHARASHTRA",19.97995567,72.8021698
51710,"Dahanu Road,Thane,401602,MAHARASHTRA",19.97995567,72.8021698
51711,"Ganjad,Thane,401602,MAHARASHTRA",19.97995567,72.8021698
51712,"Jamshet,Thane,401602,MAHARASHTRA",19.97995567,72.8021698
51713,"Kainad,Thane,401602,MAHARASHTRA",19.97995567,72.8021698
51714,"Karaj Gaon,Thane,401602,MAHARASHTRA",19.97995567,72.8021698
51715,"Nikane,Thane,401602,MAHARASHTRA",19.97995567,72.8021698
51716,"Ranshet,Thane,401602,MAHARASHTRA",19.97995567,72.8021698
51717,"Saiwan,Thane,401602,MAHARASHTRA",19.97995567,72.8021698
51718,"Sawata,Thane,401602,MAHARASHTRA",19.97995567,72.8021698
51719,"Urse,Thane,401602,MAHARASHTRA",19.97995567,72.8021698
51720,"Waki,Thane,401602,MAHARASHTRA",19.97995567,72.8021698
51721,"Dabheri,Thane,401603,MAHARASHTRA",19.94182968,73.19418335
51722,"Dehere,Thane,401603,MAHARASHTRA",19.94182968,73.19418335
51723,"Dengachimet,Thane,401603,MAHARASHTRA",19.94182968,73.19418335
51724,"Dhanoshi,Thane,401603,MAHARASHTRA",19.94182968,73.19418335
51725,"Jamsar,Thane,401603,MAHARASHTRA",19.94182968,73.19418335
51726,"Jawhar,Thane,401603,MAHARASHTRA",19.94182968,73.19418335
51727,"Karhe,Thane,401603,MAHARASHTRA",19.94182968,73.19418335
51728,"Khuded,Thane,401603,MAHARASHTRA",19.94182968,73.19418335
51729,"Kogade,Thane,401603,MAHARASHTRA",19.94182968,73.19418335
51730,"Nandgaon,Thane,401603,MAHARASHTRA",19.94182968,73.19418335
51731,"Nyhale Budruk,Thane,401603,MAHARASHTRA",19.94182968,73.19418335
51732,"Nyhale Khurdh,Thane,401603,MAHARASHTRA",19.94182968,73.19418335
51733,"Pathardi,Thane,401603,MAHARASHTRA",19.94182968,73.19418335
51734,"Pimpalshet,Thane,401603,MAHARASHTRA",19.94182968,73.19418335
51735,"Sakhare,Thane,401603,MAHARASHTRA",19.94182968,73.19418335
51736,"Sakharshet,Thane,401603,MAHARASHTRA",19.94182968,73.19418335
51737,"Sankhare,Thane,401603,MAHARASHTRA",19.94182968,73.19418335
51738,"Shiroshi,Thane,401603,MAHARASHTRA",19.94182968,73.19418335
51739,"Valvande,Thane,401603,MAHARASHTRA",19.94182968,73.19418335
51740,"Zap,Thane,401603,MAHARASHTRA",19.94182968,73.19418335
51741,"Ase,Thane,401604,MAHARASHTRA",19.88280296,73.35843658
51742,"Beriste,Thane,401604,MAHARASHTRA",19.88280296,73.35843658
51743,"Chas,Thane,401604,MAHARASHTRA",19.88280296,73.35843658
51744,"Dolhara,Thane,401604,MAHARASHTRA",19.88280296,73.35843658
51745,"Gomghar,Thane,401604,MAHARASHTRA",19.88280296,73.35843658
51746,"Kharegaon,Thane,401604,MAHARASHTRA",19.88280296,73.35843658
51747,"Khodale,Thane,401604,MAHARASHTRA",19.88280296,73.35843658
51748,"Koch,Thane,401604,MAHARASHTRA",19.88280296,73.35843658
51749,"Mokhada,Thane,401604,MAHARASHTRA",19.88280296,73.35843658
51750,"Morhanda,Thane,401604,MAHARASHTRA",19.88280296,73.35843658
51751,"Poshera,Thane,401604,MAHARASHTRA",19.88280296,73.35843658
51752,"Udhale,Thane,401604,MAHARASHTRA",19.88280296,73.35843658
51753,"Vashala,Thane,401604,MAHARASHTRA",19.88280296,73.35843658
51754,"Dadade,Thane,401605,MAHARASHTRA",19.77932549,73.0914917
51755,"Khoste,Thane,401605,MAHARASHTRA",19.77932549,73.0914917
51756,"Medhi,Thane,401605,MAHARASHTRA",19.77932549,73.0914917
51757,"Ondhe,Thane,401605,MAHARASHTRA",19.77932549,73.0914917
51758,"Sukhasale,Thane,401605,MAHARASHTRA",19.77932549,73.0914917
51759,"Vikramgad,Thane,401605,MAHARASHTRA",19.77932549,73.0914917
51760,"Acchad,Thane,401606,MAHARASHTRA",20.19127083,72.835495
51761,"Dabhadi,Thane,401606,MAHARASHTRA",20.19127083,72.835495
51762,"Dhaniwari,Thane,401606,MAHARASHTRA",20.19127083,72.835495
51763,"Dhundalwadi,Thane,401606,MAHARASHTRA",20.19127083,72.835495
51764,"Dongri,Thane,401606,MAHARASHTRA",20.19127083,72.835495
51765,"Girgaon,Thane,401606,MAHARASHTRA",20.19127083,72.835495
51766,"Kochai,Thane,401606,MAHARASHTRA",20.19127083,72.835495
51767,"Kurze,Thane,401606,MAHARASHTRA",20.19127083,72.835495
51768,"Modgaon,Thane,401606,MAHARASHTRA",20.19127083,72.835495
51769,"Talasari,Thane,401606,MAHARASHTRA",20.19127083,72.835495
51770,"Udhave,Thane,401606,MAHARASHTRA",20.19127083,72.835495
51771,"Uplat,Thane,401606,MAHARASHTRA",20.19127083,72.835495
51772,"Vevji,Thane,401606,MAHARASHTRA",20.19127083,72.835495
51773,"Zari,Thane,401606,MAHARASHTRA",20.19127083,72.835495
51774,"Kasa Budruk,Thane,401607,MAHARASHTRA",19.90855408,72.95350647
51775,"Kasa,Thane,401607,MAHARASHTRA",19.90855408,72.95350647
51776,"Rankol,Thane,401607,MAHARASHTRA",19.90855408,72.95350647
51777,"Talawada,Thane,401607,MAHARASHTRA",19.90855408,72.95350647
51778,"Tawa,Thane,401607,MAHARASHTRA",19.90855408,72.95350647
51779,"Veti,Thane,401607,MAHARASHTRA",19.90855408,72.95350647
51780,"Dahanu TPS,Thane,401608,MAHARASHTRA",19.97066689,72.74571991
51781,"Suryanagar (Thane),Thane,401609,MAHARASHTRA",NA,NA
51782,"Dapchari,Thane,401610,MAHARASHTRA",20.0708046,72.90940857
51783,"Bordi,Thane,401701,MAHARASHTRA",NA,NA
51784,"Borigaon,Thane,401701,MAHARASHTRA",NA,NA
51785,"Gholvad,Thane,401702,MAHARASHTRA",20.08457375,72.72836304
51786,"Kosbad-hill,Thane,401703,MAHARASHTRA",NA,NA
51787,"Ambet,Raigarh(MH),402101,MAHARASHTRA",NA,NA
51788,"Limpniwave,Raigarh(MH),402101,MAHARASHTRA",NA,NA
51789,"Pangloli,Raigarh(MH),402101,MAHARASHTRA",NA,NA
51790,"Sanderi,Raigarh(MH),402101,MAHARASHTRA",NA,NA
51791,"Dabhol,Raigarh(MH),402102,MAHARASHTRA",18.09632492,73.34735107
51792,"Dasgaon,Raigarh(MH),402102,MAHARASHTRA",18.09632492,73.34735107
51793,"TolBudruk,Raigarh(MH),402102,MAHARASHTRA",18.09632492,73.34735107
51794,"Veer,Raigarh(MH),402102,MAHARASHTRA",18.09632492,73.34735107
51795,"Adhi,Raigarh(MH),402103,MAHARASHTRA",18.14878845,73.29428101
51796,"Devali,Raigarh(MH),402103,MAHARASHTRA",18.14878845,73.29428101
51797,"Goregaon (Raigarh(MH)),Raigarh(MH),402103,MAHARASHTRA",18.14878845,73.29428101
51798,"Harkol,Raigarh(MH),402103,MAHARASHTRA",18.14878845,73.29428101
51799,"Lonere,Raigarh(MH),402103,MAHARASHTRA",18.14878845,73.29428101
51800,"Mangarul,Raigarh(MH),402103,MAHARASHTRA",18.14878845,73.29428101
51801,"Nagaon,Raigarh(MH),402103,MAHARASHTRA",18.14878845,73.29428101
51802,"Nandvi,Raigarh(MH),402103,MAHARASHTRA",18.14878845,73.29428101
51803,"Panhalghar,Raigarh(MH),402103,MAHARASHTRA",18.14878845,73.29428101
51804,"Purar,Raigarh(MH),402103,MAHARASHTRA",18.14878845,73.29428101
51805,"Usarghar,Raigarh(MH),402103,MAHARASHTRA",18.14878845,73.29428101
51806,"Wadvali,Raigarh(MH),402103,MAHARASHTRA",18.14878845,73.29428101
51807,"Bamnoli,Raigarh(MH),402104,MAHARASHTRA",18.23653412,73.28334808
51808,"Hodgaon,Raigarh(MH),402104,MAHARASHTRA",18.23653412,73.28334808
51809,"Kavil Vahal,Raigarh(MH),402104,MAHARASHTRA",18.23653412,73.28334808
51810,"Kharavali,Raigarh(MH),402104,MAHARASHTRA",18.23653412,73.28334808
51811,"Lonshi,Raigarh(MH),402104,MAHARASHTRA",18.23653412,73.28334808
51812,"Mangaon (Raigarh(MH)),Raigarh(MH),402104,MAHARASHTRA",18.23653412,73.28334808
51813,"Palasgaon Khurd,Raigarh(MH),402104,MAHARASHTRA",18.23653412,73.28334808
51814,"Pen Tarfe Tale,Raigarh(MH),402104,MAHARASHTRA",18.23653412,73.28334808
51815,"Talegaon Tarfe Goregaon,Raigarh(MH),402104,MAHARASHTRA",18.23653412,73.28334808
51816,"Tempale,Raigarh(MH),402104,MAHARASHTRA",18.23653412,73.28334808
51817,"Unegaon,Raigarh(MH),402104,MAHARASHTRA",18.23653412,73.28334808
51818,"Usar Khurd,Raigarh(MH),402104,MAHARASHTRA",18.23653412,73.28334808
51819,"Chikhlap,Raigarh(MH),402105,MAHARASHTRA",18.18132591,73.12232208
51820,"Gondghar,Raigarh(MH),402105,MAHARASHTRA",18.18132591,73.12232208
51821,"Kelte,Raigarh(MH),402105,MAHARASHTRA",18.18132591,73.12232208
51822,"Khamgaon,Raigarh(MH),402105,MAHARASHTRA",18.18132591,73.12232208
51823,"Kharsai,Raigarh(MH),402105,MAHARASHTRA",18.18132591,73.12232208
51824,"Kolwat,Raigarh(MH),402105,MAHARASHTRA",18.18132591,73.12232208
51825,"Majgaon Tamhane,Raigarh(MH),402105,MAHARASHTRA",18.18132591,73.12232208
51826,"Mendadi,Raigarh(MH),402105,MAHARASHTRA",18.18132591,73.12232208
51827,"Mhasla,Raigarh(MH),402105,MAHARASHTRA",18.18132591,73.12232208
51828,"Pabhre,Raigarh(MH),402105,MAHARASHTRA",18.18132591,73.12232208
51829,"Salvinde,Raigarh(MH),402105,MAHARASHTRA",18.18132591,73.12232208
51830,"Talavade,Raigarh(MH),402105,MAHARASHTRA",18.18132591,73.12232208
51831,"Varvatane,Raigarh(MH),402105,MAHARASHTRA",18.18132591,73.12232208
51832,"Amtem,Raigarh(MH),402106,MAHARASHTRA",18.53444672,73.15120697
51833,"Bense,Raigarh(MH),402106,MAHARASHTRA",18.53444672,73.15120697
51834,"Nagothane,Raigarh(MH),402106,MAHARASHTRA",18.53444672,73.15120697
51835,"Palas,Raigarh(MH),402106,MAHARASHTRA",18.53444672,73.15120697
51836,"Pigonde,Raigarh(MH),402106,MAHARASHTRA",18.53444672,73.15120697
51837,"Wakanfata,Raigarh(MH),402106,MAHARASHTRA",18.53444672,73.15120697
51838,"Ambeghar,Raigarh(MH),402107,MAHARASHTRA",18.73771858,73.09764862
51839,"Balavali,Raigarh(MH),402107,MAHARASHTRA",18.73771858,73.09764862
51840,"Dadar,Raigarh(MH),402107,MAHARASHTRA",18.73771858,73.09764862
51841,"Dolvi,Raigarh(MH),402107,MAHARASHTRA",18.73771858,73.09764862
51842,"Gadab,Raigarh(MH),402107,MAHARASHTRA",18.73771858,73.09764862
51843,"Gagode Budruk,Raigarh(MH),402107,MAHARASHTRA",18.73771858,73.09764862
51844,"Hamrapur,Raigarh(MH),402107,MAHARASHTRA",18.73771858,73.09764862
51845,"Jite,Raigarh(MH),402107,MAHARASHTRA",18.73771858,73.09764862
51846,"Johe,Raigarh(MH),402107,MAHARASHTRA",18.73771858,73.09764862
51847,"Kamarli,Raigarh(MH),402107,MAHARASHTRA",18.73771858,73.09764862
51848,"Kandale,Raigarh(MH),402107,MAHARASHTRA",18.73771858,73.09764862
51849,"Kasu,Raigarh(MH),402107,MAHARASHTRA",18.73771858,73.09764862
51850,"Kharpale,Raigarh(MH),402107,MAHARASHTRA",18.73771858,73.09764862
51851,"Koproli,Raigarh(MH),402107,MAHARASHTRA",18.73771858,73.09764862
51852,"Pabal,Raigarh(MH),402107,MAHARASHTRA",18.73771858,73.09764862
51853,"Pen,Raigarh(MH),402107,MAHARASHTRA",18.73771858,73.09764862
51854,"Ransai,Raigarh(MH),402107,MAHARASHTRA",18.73771858,73.09764862
51855,"Rave,Raigarh(MH),402107,MAHARASHTRA",18.73771858,73.09764862
51856,"Sawarsai,Raigarh(MH),402107,MAHARASHTRA",18.73771858,73.09764862
51857,"Shirki,Raigarh(MH),402107,MAHARASHTRA",18.73771858,73.09764862
51858,"Sonkhar,Raigarh(MH),402107,MAHARASHTRA",18.73771858,73.09764862
51859,"Tarankhop,Raigarh(MH),402107,MAHARASHTRA",18.73771858,73.09764862
51860,"Vadhav,Raigarh(MH),402107,MAHARASHTRA",18.73771858,73.09764862
51861,"Vadkhal,Raigarh(MH),402107,MAHARASHTRA",18.73771858,73.09764862
51862,"Varsai,Raigarh(MH),402107,MAHARASHTRA",18.73771858,73.09764862
51863,"Washi,Raigarh(MH),402107,MAHARASHTRA",18.73771858,73.09764862
51864,"Kurdus,Raigarh(MH),402108,MAHARASHTRA",18.65943909,73.0189209
51865,"Kusumbale,Raigarh(MH),402108,MAHARASHTRA",18.65943909,73.0189209
51866,"Poynad,Raigarh(MH),402108,MAHARASHTRA",18.65943909,73.0189209
51867,"Shahabaj,Raigarh(MH),402108,MAHARASHTRA",18.65943909,73.0189209
51868,"Shahapur,Raigarh(MH),402108,MAHARASHTRA",18.65943909,73.0189209
51869,"Ashtami,Raigarh(MH),402109,MAHARASHTRA",18.43718719,73.1153717
51870,"Bhalgaon,Raigarh(MH),402109,MAHARASHTRA",18.43718719,73.1153717
51871,"Chandgaon,Raigarh(MH),402109,MAHARASHTRA",18.43718719,73.1153717
51872,"Chanera,Raigarh(MH),402109,MAHARASHTRA",18.43718719,73.1153717
51873,"Chordhe,Raigarh(MH),402109,MAHARASHTRA",18.43718719,73.1153717
51874,"Dhamansai,Raigarh(MH),402109,MAHARASHTRA",18.43718719,73.1153717
51875,"Ghosale,Raigarh(MH),402109,MAHARASHTRA",18.43718719,73.1153717
51876,"Khaire Budruk,Raigarh(MH),402109,MAHARASHTRA",18.43718719,73.1153717
51877,"Khargaon,Raigarh(MH),402109,MAHARASHTRA",18.43718719,73.1153717
51878,"Kokban,Raigarh(MH),402109,MAHARASHTRA",18.43718719,73.1153717
51879,"Medha,Raigarh(MH),402109,MAHARASHTRA",18.43718719,73.1153717
51880,"Nhave,Raigarh(MH),402109,MAHARASHTRA",18.43718719,73.1153717
51881,"Pingalsai,Raigarh(MH),402109,MAHARASHTRA",18.43718719,73.1153717
51882,"Roha,Raigarh(MH),402109,MAHARASHTRA",18.43718719,73.1153717
51883,"Sanegaon,Raigarh(MH),402109,MAHARASHTRA",18.43718719,73.1153717
51884,"Sarsoli,Raigarh(MH),402109,MAHARASHTRA",18.43718719,73.1153717
51885,"Shedsai,Raigarh(MH),402109,MAHARASHTRA",18.43718719,73.1153717
51886,"Shenwai,Raigarh(MH),402109,MAHARASHTRA",18.43718719,73.1153717
51887,"Tambadi,Raigarh(MH),402109,MAHARASHTRA",18.43718719,73.1153717
51888,"Virjoli,Raigarh(MH),402109,MAHARASHTRA",18.43718719,73.1153717
51889,"Wali,Raigarh(MH),402109,MAHARASHTRA",18.43718719,73.1153717
51890,"Bhoste,Raigarh(MH),402110,MAHARASHTRA",18.0512886,73.02680969
51891,"Galsure,Raigarh(MH),402110,MAHARASHTRA",18.0512886,73.02680969
51892,"Hareshwar,Raigarh(MH),402110,MAHARASHTRA",18.0512886,73.02680969
51893,"Jasawali,Raigarh(MH),402110,MAHARASHTRA",18.0512886,73.02680969
51894,"Ranawali,Raigarh(MH),402110,MAHARASHTRA",18.0512886,73.02680969
51895,"Saigaon,Raigarh(MH),402110,MAHARASHTRA",18.0512886,73.02680969
51896,"Shriwardhan,Raigarh(MH),402110,MAHARASHTRA",18.0512886,73.02680969
51897,"Vadghar,Raigarh(MH),402110,MAHARASHTRA",18.0512886,73.02680969
51898,"Vadshetvave,Raigarh(MH),402110,MAHARASHTRA",18.0512886,73.02680969
51899,"Bhonang,Raigarh(MH),402111,MAHARASHTRA",18.28953171,73.13932037
51900,"Borghar Haveli,Raigarh(MH),402111,MAHARASHTRA",18.28953171,73.13932037
51901,"Mandad,Raigarh(MH),402111,MAHARASHTRA",18.28953171,73.13932037
51902,"Pitsai,Raigarh(MH),402111,MAHARASHTRA",18.28953171,73.13932037
51903,"Rahatad,Raigarh(MH),402111,MAHARASHTRA",18.28953171,73.13932037
51904,"Tala (Raigarh(MH)),Raigarh(MH),402111,MAHARASHTRA",18.28953171,73.13932037
51905,"Talegaon,Raigarh(MH),402111,MAHARASHTRA",18.28953171,73.13932037
51906,"Tokarde,Raigarh(MH),402111,MAHARASHTRA",18.28953171,73.13932037
51907,"Mahagaon,Raigarh(MH),402112,MAHARASHTRA",18.46899986,72.93489838
51908,"Muthavali Tarfe Tala,Raigarh(MH),402112,MAHARASHTRA",18.46899986,72.93489838
51909,"Ratwad,Raigarh(MH),402112,MAHARASHTRA",18.46899986,72.93489838
51910,"Talashet,Raigarh(MH),402112,MAHARASHTRA",18.46899986,72.93489838
51911,"Wavediwali,Raigarh(MH),402112,MAHARASHTRA",18.46899986,72.93489838
51912,"Wighawali,Raigarh(MH),402112,MAHARASHTRA",18.46899986,72.93489838
51913,"Aravi,Raigarh(MH),402113,MAHARASHTRA",18.06712341,73.01177216
51914,"Chikhlap,Raigarh(MH),402113,MAHARASHTRA",18.06712341,73.01177216
51915,"Shekhadi,Raigarh(MH),402113,MAHARASHTRA",18.06712341,73.01177216
51916,"Walwati,Raigarh(MH),402113,MAHARASHTRA",18.06712341,73.01177216
51917,"Bagmandla,Raigarh(MH),402114,MAHARASHTRA",NA,NA
51918,"Kolmandla,Raigarh(MH),402114,MAHARASHTRA",NA,NA
51919,"Jui Budruk,Raigarh(MH),402115,MAHARASHTRA",18.46899986,72.93489838
51920,"Narvan,Raigarh(MH),402115,MAHARASHTRA",18.46899986,72.93489838
51921,"Ravdhal,Raigarh(MH),402115,MAHARASHTRA",18.46899986,72.93489838
51922,"Upper Tudul,Raigarh(MH),402115,MAHARASHTRA",18.46899986,72.93489838
51923,"Walang,Raigarh(MH),402115,MAHARASHTRA",18.46899986,72.93489838
51924,"Roha AV,Raigarh(MH),402116,MAHARASHTRA",18.42975235,73.16202545
51925,"Roth Khurd,Raigarh(MH),402116,MAHARASHTRA",18.42975235,73.16202545
51926,"Dahivali,Raigarh(MH),402117,MAHARASHTRA",NA,NA
51927,"Degaon,Raigarh(MH),402117,MAHARASHTRA",NA,NA
51928,"Morba,Raigarh(MH),402117,MAHARASHTRA",NA,NA
51929,"Bhale,Raigarh(MH),402120,MAHARASHTRA",18.31941414,73.30095673
51930,"Borwadi,Raigarh(MH),402120,MAHARASHTRA",18.31941414,73.30095673
51931,"Jite,Raigarh(MH),402120,MAHARASHTRA",18.31941414,73.30095673
51932,"Koste Khurd,Raigarh(MH),402120,MAHARASHTRA",18.31941414,73.30095673
51933,"Nizampur (Raigarh(MH)),Raigarh(MH),402120,MAHARASHTRA",18.31941414,73.30095673
51934,"Shirawali,Raigarh(MH),402120,MAHARASHTRA",18.31941414,73.30095673
51935,"Chandore,Raigarh(MH),402122,MAHARASHTRA",NA,NA
51936,"Govele,Raigarh(MH),402122,MAHARASHTRA",NA,NA
51937,"Manjaravane,Raigarh(MH),402122,MAHARASHTRA",NA,NA
51938,"Sai,Raigarh(MH),402122,MAHARASHTRA",NA,NA
51939,"PCTS Nagothane,Raigarh(MH),402125,MAHARASHTRA",NA,NA
51940,"Ainghar,Raigarh(MH),402126,MAHARASHTRA",18.49261856,73.18038177
51941,"Pipenagar,Raigarh(MH),402126,MAHARASHTRA",18.49261856,73.18038177
51942,"Alibag,Raigarh(MH),402201,MAHARASHTRA",18.65806961,72.88134003
51943,"Borlimandla,Raigarh(MH),402202,MAHARASHTRA",18.58483315,72.91031647
51944,"Korlai,Raigarh(MH),402202,MAHARASHTRA",18.58483315,72.91031647
51945,"Revdanda,Raigarh(MH),402202,MAHARASHTRA",18.58483315,72.91031647
51946,"Vikram Baug,Raigarh(MH),402202,MAHARASHTRA",18.58483315,72.91031647
51947,"Walke,Raigarh(MH),402202,MAHARASHTRA",18.58483315,72.91031647
51948,"Agrav,Raigarh(MH),402203,MAHARASHTRA",18.56720543,72.93167877
51949,"Bapale,Raigarh(MH),402203,MAHARASHTRA",18.56720543,72.93167877
51950,"Chaul,Raigarh(MH),402203,MAHARASHTRA",18.56720543,72.93167877
51951,"Chinchoti,Raigarh(MH),402203,MAHARASHTRA",18.56720543,72.93167877
51952,"Malyan,Raigarh(MH),402203,MAHARASHTRA",18.56720543,72.93167877
51953,"Ramraj,Raigarh(MH),402203,MAHARASHTRA",18.56720543,72.93167877
51954,"Sudkoli,Raigarh(MH),402203,MAHARASHTRA",18.56720543,72.93167877
51955,"Usar,Raigarh(MH),402203,MAHARASHTRA",18.56720543,72.93167877
51956,"Akshi,Raigarh(MH),402204,MAHARASHTRA",18.63186455,72.8911972
51957,"Bamangaon,Raigarh(MH),402204,MAHARASHTRA",18.63186455,72.8911972
51958,"Nagaon,Raigarh(MH),402204,MAHARASHTRA",18.63186455,72.8911972
51959,"Thal (Raigarh(MH)),Raigarh(MH),402207,MAHARASHTRA",NA,NA
51960,"Awas,Raigarh(MH),402208,MAHARASHTRA",NA,NA
51961,"Chondhi,Raigarh(MH),402208,MAHARASHTRA",NA,NA
51962,"Dhokawade,Raigarh(MH),402208,MAHARASHTRA",NA,NA
51963,"Kihim,Raigarh(MH),402208,MAHARASHTRA",NA,NA
51964,"Mapgaon,Raigarh(MH),402208,MAHARASHTRA",NA,NA
51965,"Navadar Navagaon,Raigarh(MH),402208,MAHARASHTRA",NA,NA
51966,"RCF Thal,Raigarh(MH),402208,MAHARASHTRA",NA,NA
51967,"Sasawane,Raigarh(MH),402208,MAHARASHTRA",NA,NA
51968,"Zirad,Raigarh(MH),402208,MAHARASHTRA",NA,NA
51969,"Hashiware,Raigarh(MH),402209,MAHARASHTRA",18.76405334,72.94470978
51970,"Kamarle,Raigarh(MH),402209,MAHARASHTRA",18.76405334,72.94470978
51971,"Khandale,Raigarh(MH),402209,MAHARASHTRA",18.76405334,72.94470978
51972,"Kurul,Raigarh(MH),402209,MAHARASHTRA",18.76405334,72.94470978
51973,"Kurul RCF Colony,Raigarh(MH),402209,MAHARASHTRA",18.76405334,72.94470978
51974,"Narangi,Raigarh(MH),402209,MAHARASHTRA",18.76405334,72.94470978
51975,"Saral,Raigarh(MH),402209,MAHARASHTRA",18.76405334,72.94470978
51976,"Varsoli,Raigarh(MH),402209,MAHARASHTRA",18.76405334,72.94470978
51977,"Veshvi,Raigarh(MH),402209,MAHARASHTRA",18.76405334,72.94470978
51978,"Ambivali,Raigarh(MH),402301,MAHARASHTRA",18.08180618,73.42250824
51979,"Chandhave Budruk,Raigarh(MH),402301,MAHARASHTRA",18.08180618,73.42250824
51980,"Chochinde,Raigarh(MH),402301,MAHARASHTRA",18.08180618,73.42250824
51981,"Dharavali,Raigarh(MH),402301,MAHARASHTRA",18.08180618,73.42250824
51982,"Gondale,Raigarh(MH),402301,MAHARASHTRA",18.08180618,73.42250824
51983,"Kalavali,Raigarh(MH),402301,MAHARASHTRA",18.08180618,73.42250824
51984,"Karanjadi,Raigarh(MH),402301,MAHARASHTRA",18.08180618,73.42250824
51985,"Kemburli,Raigarh(MH),402301,MAHARASHTRA",18.08180618,73.42250824
51986,"Kinjaloli Budruk,Raigarh(MH),402301,MAHARASHTRA",18.08180618,73.42250824
51987,"Kotheri,Raigarh(MH),402301,MAHARASHTRA",18.08180618,73.42250824
51988,"Kurle,Raigarh(MH),402301,MAHARASHTRA",18.08180618,73.42250824
51989,"Mahad,Raigarh(MH),402301,MAHARASHTRA",18.08180618,73.42250824
51990,"Mumurshi,Raigarh(MH),402301,MAHARASHTRA",18.08180618,73.42250824
51991,"Nagaon,Raigarh(MH),402301,MAHARASHTRA",18.08180618,73.42250824
51992,"Natondi,Raigarh(MH),402301,MAHARASHTRA",18.08180618,73.42250824
51993,"Navipeth Mahad,Raigarh(MH),402301,MAHARASHTRA",18.08180618,73.42250824
51994,"Revtale,Raigarh(MH),402301,MAHARASHTRA",18.08180618,73.42250824
51995,"Salvadnaka Mahad No Dly.,Raigarh(MH),402301,MAHARASHTRA",18.08180618,73.42250824
51996,"Sav,Raigarh(MH),402301,MAHARASHTRA",18.08180618,73.42250824
51997,"Sawad,Raigarh(MH),402301,MAHARASHTRA",18.08180618,73.42250824
51998,"Underi,Raigarh(MH),402301,MAHARASHTRA",18.08180618,73.42250824
51999,"Wahoor,Raigarh(MH),402301,MAHARASHTRA",18.08180618,73.42250824
52000,"Bhave,Raigarh(MH),402302,MAHARASHTRA",18.10191536,73.50003052
52001,"Birwadi,Raigarh(MH),402302,MAHARASHTRA",18.10191536,73.50003052
52002,"Dahivad,Raigarh(MH),402302,MAHARASHTRA",18.10191536,73.50003052
52003,"Dapoli,Raigarh(MH),402302,MAHARASHTRA",18.10191536,73.50003052
52004,"Dhamne,Raigarh(MH),402302,MAHARASHTRA",18.10191536,73.50003052
52005,"Jite,Raigarh(MH),402302,MAHARASHTRA",18.10191536,73.50003052
52006,"Mangrun,Raigarh(MH),402302,MAHARASHTRA",18.10191536,73.50003052
52007,"Mohot,Raigarh(MH),402302,MAHARASHTRA",18.10191536,73.50003052
52008,"Nigade,Raigarh(MH),402302,MAHARASHTRA",18.10191536,73.50003052
52009,"Wagholi,Raigarh(MH),402302,MAHARASHTRA",18.10191536,73.50003052
52010,"Waki Budruk,Raigarh(MH),402302,MAHARASHTRA",18.10191536,73.50003052
52011,"Walan Budruk,Raigarh(MH),402302,MAHARASHTRA",18.10191536,73.50003052
52012,"Walan Khurd,Raigarh(MH),402302,MAHARASHTRA",18.10191536,73.50003052
52013,"Adavale Budruk,Raigarh(MH),402303,MAHARASHTRA",17.9678154,73.47071075
52014,"Borghar,Raigarh(MH),402303,MAHARASHTRA",17.9678154,73.47071075
52015,"Chambhargani,Raigarh(MH),402303,MAHARASHTRA",17.9678154,73.47071075
52016,"Deopur,Raigarh(MH),402303,MAHARASHTRA",17.9678154,73.47071075
52017,"Devla,Raigarh(MH),402303,MAHARASHTRA",17.9678154,73.47071075
52018,"Dhamandevi,Raigarh(MH),402303,MAHARASHTRA",17.9678154,73.47071075
52019,"Divil,Raigarh(MH),402303,MAHARASHTRA",17.9678154,73.47071075
52020,"Golegani,Raigarh(MH),402303,MAHARASHTRA",17.9678154,73.47071075
52021,"Kapade Budruk,Raigarh(MH),402303,MAHARASHTRA",17.9678154,73.47071075
52022,"Kondhavi,Raigarh(MH),402303,MAHARASHTRA",17.9678154,73.47071075
52023,"Kotwal Budruk,Raigarh(MH),402303,MAHARASHTRA",17.9678154,73.47071075
52024,"Lohare,Raigarh(MH),402303,MAHARASHTRA",17.9678154,73.47071075
52025,"Mahargul,Raigarh(MH),402303,MAHARASHTRA",17.9678154,73.47071075
52026,"Ombali,Raigarh(MH),402303,MAHARASHTRA",17.9678154,73.47071075
52027,"Paithan,Raigarh(MH),402303,MAHARASHTRA",17.9678154,73.47071075
52028,"Palchil,Raigarh(MH),402303,MAHARASHTRA",17.9678154,73.47071075
52029,"Poladpur,Raigarh(MH),402303,MAHARASHTRA",17.9678154,73.47071075
52030,"Sadavali,Raigarh(MH),402303,MAHARASHTRA",17.9678154,73.47071075
52031,"Sakhar,Raigarh(MH),402303,MAHARASHTRA",17.9678154,73.47071075
52032,"Turbhe Khurd,Raigarh(MH),402303,MAHARASHTRA",17.9678154,73.47071075
52033,"Wakan,Raigarh(MH),402303,MAHARASHTRA",17.9678154,73.47071075
52034,"Chinchwali Tarfe Atone,Raigarh(MH),402304,MAHARASHTRA",18.40342903,73.21785736
52035,"Devkanhe,Raigarh(MH),402304,MAHARASHTRA",18.40342903,73.21785736
52036,"Khamb,Raigarh(MH),402304,MAHARASHTRA",18.40342903,73.21785736
52037,"Kolad,Raigarh(MH),402304,MAHARASHTRA",18.40342903,73.21785736
52038,"Pugaon,Raigarh(MH),402304,MAHARASHTRA",18.40342903,73.21785736
52039,"Talawali Terfe Diwali,Raigarh(MH),402304,MAHARASHTRA",18.40342903,73.21785736
52040,"Achloli,Raigarh(MH),402305,MAHARASHTRA",18.23465919,73.41802216
52041,"Khardi,Raigarh(MH),402305,MAHARASHTRA",18.23465919,73.41802216
52042,"Kolose,Raigarh(MH),402305,MAHARASHTRA",18.23465919,73.41802216
52043,"Konzar,Raigarh(MH),402305,MAHARASHTRA",18.23465919,73.41802216
52044,"Mandle,Raigarh(MH),402305,MAHARASHTRA",18.23465919,73.41802216
52045,"Nate,Raigarh(MH),402305,MAHARASHTRA",18.23465919,73.41802216
52046,"Pachad,Raigarh(MH),402305,MAHARASHTRA",18.23465919,73.41802216
52047,"Sandoshi,Raigarh(MH),402305,MAHARASHTRA",18.23465919,73.41802216
52048,"Savrat,Raigarh(MH),402305,MAHARASHTRA",18.23465919,73.41802216
52049,"Taloshi,Raigarh(MH),402305,MAHARASHTRA",18.23465919,73.41802216
52050,"Tetghar,Raigarh(MH),402305,MAHARASHTRA",18.23465919,73.41802216
52051,"Varandoli,Raigarh(MH),402305,MAHARASHTRA",18.23465919,73.41802216
52052,"Wagheri,Raigarh(MH),402305,MAHARASHTRA",18.23465919,73.41802216
52053,"Barasgaon,Raigarh(MH),402306,MAHARASHTRA",18.13228989,73.57132721
52054,"Kumbheshivthar,Raigarh(MH),402306,MAHARASHTRA",18.13228989,73.57132721
52055,"Mazeri,Raigarh(MH),402306,MAHARASHTRA",18.13228989,73.57132721
52056,"Padvi,Raigarh(MH),402306,MAHARASHTRA",18.13228989,73.57132721
52057,"Taliye,Raigarh(MH),402306,MAHARASHTRA",18.13228989,73.57132721
52058,"Varandh,Raigarh(MH),402306,MAHARASHTRA",18.13228989,73.57132721
52059,"Ambavade,Raigarh(MH),402307,MAHARASHTRA",18.08260918,73.43647766
52060,"Kavale,Raigarh(MH),402307,MAHARASHTRA",18.08260918,73.43647766
52061,"Pangari,Raigarh(MH),402307,MAHARASHTRA",18.08260918,73.43647766
52062,"Tamhane,Raigarh(MH),402307,MAHARASHTRA",18.08260918,73.43647766
52063,"Vinhere,Raigarh(MH),402307,MAHARASHTRA",18.08260918,73.43647766
52064,"Bhira (Raigarh(MH)),Raigarh(MH),402308,MAHARASHTRA",18.41608429,73.36050415
52065,"Jamgaon,Raigarh(MH),402308,MAHARASHTRA",18.41608429,73.36050415
52066,"Kudli,Raigarh(MH),402308,MAHARASHTRA",18.41608429,73.36050415
52067,"Patnus,Raigarh(MH),402308,MAHARASHTRA",18.41608429,73.36050415
52068,"Vile,Raigarh(MH),402308,MAHARASHTRA",18.41608429,73.36050415
52069,"Kamble Tarfe Birwadi,Raigarh(MH),402309,MAHARASHTRA",18.09852028,73.46775818
52070,"Kamble Tarfe Mahad,Raigarh(MH),402309,MAHARASHTRA",18.09852028,73.46775818
52071,"Kusgaon,Raigarh(MH),402309,MAHARASHTRA",18.09852028,73.46775818
52072,"Midc Mahad,Raigarh(MH),402309,MAHARASHTRA",18.09852028,73.46775818
52073,"Rajewadi,Raigarh(MH),402309,MAHARASHTRA",18.09852028,73.46775818
52074,"Agardanda,Raigarh(MH),402401,MAHARASHTRA",18.30359077,72.98622894
52075,"Janjira Murud,Raigarh(MH),402401,MAHARASHTRA",18.30359077,72.98622894
52076,"Kashid,Raigarh(MH),402401,MAHARASHTRA",18.30359077,72.98622894
52077,"Mazgaon,Raigarh(MH),402401,MAHARASHTRA",18.30359077,72.98622894
52078,"Nandgaon,Raigarh(MH),402401,MAHARASHTRA",18.30359077,72.98622894
52079,"Rajapuri,Raigarh(MH),402401,MAHARASHTRA",18.30359077,72.98622894
52080,"Savli,Raigarh(MH),402401,MAHARASHTRA",18.30359077,72.98622894
52081,"Shighre,Raigarh(MH),402401,MAHARASHTRA",18.30359077,72.98622894
52082,"Usroli,Raigarh(MH),402401,MAHARASHTRA",18.30359077,72.98622894
52083,"Vihoor,Raigarh(MH),402401,MAHARASHTRA",18.30359077,72.98622894
52084,"Dighi,Raigarh(MH),402402,MAHARASHTRA",NA,NA
52085,"Kudgaon,Raigarh(MH),402402,MAHARASHTRA",NA,NA
52086,"Adgaon,Raigarh(MH),402403,MAHARASHTRA",18.17090988,73.00450134
52087,"Borlipanchatan,Raigarh(MH),402403,MAHARASHTRA",18.17090988,73.00450134
52088,"Sarve,Raigarh(MH),402403,MAHARASHTRA",18.17090988,73.00450134
52089,"Velas,Raigarh(MH),402403,MAHARASHTRA",18.17090988,73.00450134
52090,"Wadwali,Raigarh(MH),402403,MAHARASHTRA",18.17090988,73.00450134
52091,"Bharadkhol,Raigarh(MH),402404,MAHARASHTRA",NA,NA
52092,"Dandguri,Raigarh(MH),402404,MAHARASHTRA",NA,NA
52093,"Diveagar,Raigarh(MH),402404,MAHARASHTRA",NA,NA
52094,"Nagloli,Raigarh(MH),402404,MAHARASHTRA",NA,NA
